aa, Bi/La
ab, Fr/Sp
abc, Sp/Bi
acb, Ma/En
bcv, Bi/Ch; Fachbereichsleiter NTW
bro, Sp/Fr
bst, If/Sn
dd, Bi/Ch; Direkttorstellvertreter
df, Bi/Ch
dfb, Bi/Ch
dfg, Bi/Ch
fg, Bi/Ch; Schulleiter
fgh, Bi/Ch
gg, Bi/Ch
hd, Bi/Ch
hi, Bi/Ch
jdz, Bi/Ch; Hausmeister
jkl, Bi/Ch
juh, Bi/Ch
kdj, Bi/Ch
kf, Bi/Ch
kfu, Bi/Ch; Sekret√§rin
ki, Bi/Ch
ksz, Re/Wn/Ge
kop, Bi/Ch
kp, Foo/Bar
lki, Ch/Bi
mnb, Ph/Ch
nhz, Ph/Ch
ni, Ph/Ch
oiu, Ph/Ch
pfb, Ph/Ch
po, Ph/Ch 
tb, Ph/Ch 
tzu, Ph/Ch 
uhz, Ph/Ch 
ust, Ph/Ch 
utr, Ph/Ch 
vcd, Ph/Ch 
win, Ph/Ch 
zug, Ph/Ch 
zz, Ph/Ch